{
    "RPI 0 (c) -- RPI 1 (s)": [
        13.748752586623082,
        13.414243216156734,
        14.271474389661416,
        13.576448,
        14.827565957173691,
        14.085620109328973,
        14.342298237680149,
        14.757203251579496,
        13.703872,
        13.819659282183524,
        13.5996840907645,
        12.950884210417296,
        14.201984,
        14.121788227621154,
        14.201628477131342,
        13.622481949690505,
        13.448821993711089,
        13.170995439159928,
        13.54168308564464,
        12.510770707602985,
        13.842850296465713,
        13.113075494396693,
        12.74238784791198,
        13.20577259400615,
        13.703901405382311,
        13.228940616100898,
        12.881380359556381,
        13.043584,
        12.985691864271827,
        11.120772569939733,
        12.904188348620432,
        12.209646618250726,
        12.360213460231385,
        13.020378748397592,
        11.780986984929724,
        11.54906351474202,
        12.140188300108004,
        11.793445509805025,
        11.710474721787117,
        12.487552,
        9.776923972003857,
        9.996972932287346,
        12.186001923472796,
        12.928197101390339,
        12.383284190379916,
        12.546399301355224,
        12.834866975259937,
        13.008050457051473,
        12.394868179332562,
        13.26368,
        12.591795991527565,
        11.89679069132746,
        9.718966731271047,
        8.456328064582886,
        9.811648,
        13.020431521563914,
        12.1632,
        11.82722734220041,
        11.2944,
        12.6841110564163
    ],
    "RPI 0 (c) -- RPI 2 (s)": [
        14.131166038314117,
        13.981804661949981,
        13.692343496654379,
        13.819685641041488,
        14.144077488843429,
        13.924007836905966,
        14.3409783233773,
        15.024297552989667,
        15.418414281092746,
        14.59584,
        14.68854001616672,
        15.302449406447023,
        14.190413533032926,
        14.317824,
        14.062862003182385,
        14.109470106111285,
        13.923924843609102,
        14.49145270880057,
        15.0939232106262,
        15.56903705401231,
        15.371905695885461,
        14.433316441749426,
        14.37567202402675,
        13.12513200347245,
        13.101516494579787,
        14.537892271171051,
        15.186591413110085,
        15.27935792900772,
        15.186624,
        14.432566323566146,
        14.85186359879179,
        14.468343560039816,
        13.08917415214959,
        14.040621453439043,
        14.57290478823395,
        14.723190284075745,
        14.50299511082565,
        14.178816,
        14.352562312329948,
        15.105579217408803,
        13.2868353286864,
        13.831269618946802,
        14.05140540046444,
        14.653746025098776,
        14.362235586223731,
        14.145986419609828,
        14.167259021902126,
        13.923928163321982,
        13.472192,
        13.854464,
        14.19001770248404,
        14.538311681008327,
        14.236793703374138,
        13.947079470871207,
        14.097882615068507,
        14.294485596452756,
        14.549472780218357,
        14.283085621411916,
        14.062905589982655,
        14.653365219299845
    ],
    "RPI 0 (c) -- RPI 3 (s)": []
}