{
    "RPI 0 (c) -- RPI 1 (s)": [
        14.698522524016076,
        12.325105654855669,
        12.649513872582208,
        13.287576641182772,
        13.0896609720753,
        13.089944967088636,
        4.656782433424862,
        10.031722474258837,
        13.437401555285772,
        12.499222421358638,
        11.56078514279856,
        10.622538130441791,
        12.858227737438451,
        11.757748786936963,
        11.68826714680018,
        13.750194886792292,
        13.784973146374842,
        14.028224,
        14.005056,
        13.923968,
        12.070539511363517,
        12.939328,
        13.98183466353354,
        12.88150934930814,
        12.475944204024879,
        13.819599975120745,
        10.483529997873305,
        10.877420087443706,
        12.313818422587826,
        14.039791263264581,
        12.069768298549933,
        13.808970832692426,
        13.171033121752018,
        14.086103699334052,
        11.641967186241667,
        13.576405920723683,
        14.213141026712092,
        14.110681249169449,
        14.166296430210311,
        13.623112048304767,
        13.344459387996523,
        13.576396210158501,
        12.140043577647761,
        11.653631808347509,
        11.885101824756404,
        5.131712,
        5.421317170170946,
        8.456277661192207,
        12.070528,
        13.692356554756081,
        10.807848808872395,
        12.498900582360742,
        13.820071150828227,
        11.641836731094854,
        14.167232,
        13.692261884083015,
        12.221242378392194,
        11.560738285976951,
        13.912413852801484,
        11.850039287535436
    ],
    "RPI 0 (c) -- RPI 2 (s)": [
        7.8646003416475105,
        6.7303168370606175,
        7.124188875162811,
        7.158918827277018,
        6.382745955869461,
        6.417536,
        3.9617204436179283,
        4.645216117668966,
        6.672371273461774,
        5.409738318256985,
        5.629813261983371,
        5.942579248608294,
        5.780404974752474,
        5.90784,
        4.239757140879353,
        4.378746780127072,
        6.359616,
        5.965754310613336,
        6.6376256698668765,
        6.4291399267432805,
        5.571897357780745,
        5.67616,
        6.602887871255721,
        6.324856460183549,
        6.765036645074906,
        6.568146791618704,
        6.127930155950398,
        5.31706740918891,
        1.2974039787722293,
        4.05442416625122,
        6.058293336669846,
        7.031628823560042,
        5.456057495872622,
        4.262903869156133,
        5.988933711492264,
        5.815180478023601,
        5.374991377973684,
        5.907804786739429,
        5.687754848531434,
        5.351802896123031,
        4.552512,
        5.46765973232498,
        5.085369937766626,
        6.394368,
        6.116352,
        5.8383304321342155,
        7.054656,
        6.5565049201853265,
        5.004328566246809,
        3.1160893135977217,
        2.4558132696035924,
        4.4482379707762,
        4.587277124305127,
        6.626141207915131,
        6.5448679353313,
        6.266951470788325,
        6.788215907816043,
        6.405952,
        4.84209814664608,
        4.830392104683792
    ],
    "RPI 0 (c) -- RPI 3 (s)": [
        4.297088227813713,
        2.849661282351225,
        2.4210635039447665,
        1.772352,
        3.1276770172147588,
        3.278272,
        2.965504,
        2.4673867055625083,
        2.5369014435999375,
        2.6875360568895976,
        2.988603596292199,
        2.2936385621525637,
        2.4905623751853705,
        3.382528,
        4.1239295637571,
        2.629551699716522,
        3.3362055220274627,
        3.1392737299953675,
        3.000249562162862,
        3.208768,
        1.4943285182106774,
        0.27801633142129356,
        1.0309789496544353,
        2.7569808256373323,
        2.8960117378710613,
        2.861248,
        3.1740069190933635,
        2.5021463862327447,
        2.5948209492281897,
        3.1161398337922557,
        2.44417738101614,
        2.3052138015768033,
        2.56007193479327,
        2.8264899350105726,
        2.9770851608303444,
        2.6295285035076805,
        3.5911007891454765,
        2.896003452305141,
        3.313033478664814,
        3.2551008956938787,
        2.3747126397170266,
        1.378496,
        1.7260505678920037,
        2.7569341572194492,
        2.5369443883741067,
        1.9345298449114274,
        1.807071687040203,
        2.8149287782829897,
        3.7068685107777974,
        3.637423697616427,
        3.4172319308366967,
        2.9307401213707776,
        3.3362118853724323,
        2.6179683956923743,
        3.544707380496388,
        3.498357991117503,
        1.1120671816497278,
        2.1546286233314538,
        3.660598983552924,
        2.6757859779381947
    ]
}