{
    "RPI 0 (c) -- RPI 1 (s)": [
        14.154119303929168,
        16.26396702105526,
        16.34525392372072,
        15.093678505382918,
        15.348847572855579,
        15.939568798842622,
        15.337230626722933,
        15.244544,
        16.2871350652448,
        16.066962032052903,
        15.117148833673161,
        13.65750995036707,
        12.290612278758736,
        16.148142200205424,
        16.657724484312954,
        15.151933412541393,
        15.49897443748869,
        15.395844436483442,
        15.394842366684594,
        15.383229247006003,
        15.18695711845181,
        15.881648854079387,
        16.09014531048334,
        15.488195730729991,
        14.89666528418119,
        11.85046872983491,
        8.027679462885173,
        7.135744,
        9.267217675814964,
        0.8572143649933529,
        8.016175780130983,
        2.895982738597759,
        3.7879941907175856,
        4.6570433607639,
        14.038850722867313,
        12.38332257172755,
        10.3097378777025,
        14.294673040578175,
        15.51095750949775,
        12.591835019146721,
        15.825026813338406,
        15.683352495031556,
        15.325741618246209,
        15.290909165094691,
        15.499392,
        15.024448,
        15.337263536951536,
        15.082260123269153,
        15.221437694250298,
        15.232930945489988,
        15.045345372115005,
        14.956334688545354,
        15.210368603080724,
        15.013178989030607,
        14.66537197197718,
        12.279066348017963,
        13.333209431078778,
        11.514416387726964,
        15.221405032526079,
        15.719000798761407
    ],
    "RPI 0 (c) -- RPI 2 (s)": [
        9.463114974090727,
        8.502621537889924,
        8.282601469247545,
        8.409941893185673,
        8.560592328034073,
        8.641655758674853,
        8.641552743436778,
        8.595465304347847,
        4.1586599660072,
        3.926979745059724,
        8.363655976203896,
        8.700158575406405,
        8.386254157697126,
        8.189888,
        8.769044095236302,
        8.120424657262278,
        4.668324174619587,
        7.923495671280169,
        4.552503316789022,
        3.521536,
        3.787971612491238,
        4.193408,
        8.47946980503172,
        8.14354423371102,
        8.363655976203896,
        8.34048,
        6.8461521612493526,
        8.340454149250045,
        8.584362094766764,
        6.625591477073461,
        6.209029921392366,
        8.131950550727138,
        8.20148959848747,
        8.502510044741816,
        7.784596479394519,
        8.166704423247484,
        7.84235117213999,
        8.328796713006103,
        8.664918766860058,
        8.386831996612543,
        8.375241984066468,
        7.633825059222696,
        8.236190617765306,
        6.857790130933995,
        4.100732089237128,
        4.587189630356106,
        8.073410874269632,
        7.715700061726897,
        8.386816,
        7.9234730019285715,
        7.691766830699407,
        7.031452794991328,
        6.568148357591784,
        3.579459413638509,
        4.413318809772845,
        6.301922876820182,
        6.753971184386053,
        8.43252071254355,
        8.548992,
        6.69536363670799
    ],
    "RPI 0 (c) -- RPI 3 (s)": [
        4.053998882308922,
        3.8111278222068785,
        3.3594176682262686,
        3.4172254130881603,
        3.6026411787318167,
        3.7068658594289423,
        3.672128,
        3.7647919216329346,
        3.915400401537803,
        3.869056,
        2.791744,
        3.452032,
        3.509944468476244,
        3.7763921032583547,
        3.4172832589752757,
        3.6721244979891794,
        3.683715513064874,
        3.8806474017475163,
        3.115790683558716,
        3.463955433117631,
        3.5909038740263055,
        3.197308254523632,
        3.231932917788584,
        3.255094687099398,
        3.27828137923826,
        3.41727674103094,
        1.471163790966632,
        0.6139525855108123,
        0.34752,
        1.424827583830216,
        3.1968737869989137,
        2.4097155968907074,
        3.544704,
        3.660537018079723,
        3.730051557254369,
        3.5562913915437617,
        3.637376,
        3.6489565200838854,
        3.5794696545931037,
        3.625788542178591,
        3.42886727002265,
        3.3941087631256455,
        3.0465861890979973,
        3.1855901264496698,
        3.4172971096895464,
        3.370927122475249,
        1.587008,
        2.316816571163448,
        3.058160688431154,
        3.41728,
        2.4905647503752717,
        1.8997683000190018,
        3.1740318917116466,
        3.452032,
        3.695296,
        3.463602787403918,
        3.40568869218487,
        3.4288877078055204,
        3.255088478528602,
        3.602511483357353
    ]
}