{
    "RPI 0 (c) -- RPI 1 (s)": [
        17.652109508337194,
        16.646192124954105,
        15.894297690356309,
        15.243537287127369,
        15.198208,
        15.754270048885438,
        15.151828650270508,
        15.221405032526079,
        15.198236988336541,
        15.754194926886766,
        15.869985407515719,
        16.472593312774794,
        15.580323985174328,
        16.796920140935,
        16.356003565854856,
        16.113697446046125,
        16.044126891345226,
        15.788992,
        15.985664644276818,
        16.18292902452982,
        15.708046313423134,
        15.221423177911118,
        15.522541495688563,
        15.001251387383675,
        14.954869124108408,
        15.140378243686698,
        15.870064865126738,
        15.997534512875582,
        16.10076193259657,
        15.66348004590404,
        16.853691332316142,
        16.07844633078752,
        16.124689645613184,
        15.835358203548818,
        16.24083382598091,
        15.464392971093877,
        15.963326699004066,
        15.59201567345911,
        15.024476656915011,
        15.522578504355556,
        15.290832606958416,
        16.333455576797082,
        16.113344,
        14.642249310669785,
        15.58093320364257,
        15.881077116704683,
        16.07865333519491,
        16.449197642319085,
        15.835361979000524,
        16.240864803097743,
        16.03227128956536,
        16.507168515074703,
        15.951198424496507,
        16.043759672261924,
        16.368063219137614,
        16.229296211606535,
        16.04384,
        16.055473763002137,
        15.974316957130243,
        15.394691883951673
    ],
    "RPI 0 (c) -- RPI 2 (s)": [
        8.026948404320402,
        8.3868339961934,
        8.074040299995136,
        8.364190416523288,
        7.87661671428694,
        7.853935147283477,
        7.993007642038119,
        7.992929509393656,
        7.309524912718524,
        8.14351122714811,
        8.120393680263616,
        8.59534439431838,
        8.201446580095878,
        8.085632,
        8.120384,
        7.7265372107501165,
        7.008311645441478,
        6.799808,
        6.6955663671267756,
        7.564366427883964,
        8.062431322031863,
        8.062512056316711,
        8.259872510924497,
        8.166237148300938,
        6.0931723781959946,
        6.602853237870922,
        6.856686656930813,
        6.928229698482962,
        8.06226985831268,
        8.445013855852153,
        8.16676088925807,
        8.409951918579413,
        8.247839463010646,
        8.328739127634268,
        7.657168223282252,
        7.26313163502399,
        7.494848,
        7.6686463953033215,
        8.479496086677633,
        8.06240825539031,
        8.027053653238125,
        8.48023406093609,
        8.409967959259111,
        7.9465993699799045,
        7.772569353134358,
        8.642001907865737,
        8.340487954109149,
        8.549000152961876,
        8.352038113346225,
        8.352073956448026,
        8.456309919293023,
        8.653299577684747,
        8.18988018952161,
        8.409975979621906,
        8.40999202039339,
        8.409941893185673,
        8.363648,
        8.514223760406951,
        8.282552101142786,
        6.834382390632491
    ],
    "RPI 0 (c) -- RPI 3 (s)": [
        2.513476910230306,
        1.181564337810423,
        0.8572143649933529,
        0.9267235351697356,
        1.910999150779863,
        3.3831668349850914,
        3.4056789484801486,
        2.6759097418793862,
        2.583232,
        4.286075912479484,
        2.339970231569511,
        1.980859749536098,
        1.5522578504355555,
        3.139288699336786,
        3.475185914668906,
        3.776384,
        3.3593471851074788,
        3.5099553473542664,
        3.591036575320649,
        3.7648,
        3.41728,
        2.467394353090623,
        2.004032,
        3.5910468493782983,
        4.006557590040328,
        3.372205470409172,
        3.637376,
        3.1508449951200532,
        1.726010650330912,
        2.467404353775842,
        1.9113563543770706,
        2.3979000057821565,
        0.949888,
        2.455471377751778,
        2.131737568196483,
        2.571648,
        4.019648,
        3.428864,
        3.7416204030663396,
        3.231946017227703,
        3.382528,
        3.5099553473542664,
        3.6721244979891794,
        3.602619705342644,
        3.5563456571237286,
        3.509899280012455,
        3.4520245927588142,
        3.834300343326241,
        4.112332745934891,
        3.3941152368805283,
        3.6026386019116003,
        3.6952774985209778,
        3.579456,
        3.660539636296706,
        3.7416400286884923,
        3.6489565200838854,
        3.5331233694490143,
        3.4172832589752757,
        3.498364663699471,
        2.6874047054625247
    ]
}