{
    "loss": [
        1.112226277589798,
        1.1051275730133057,
        1.0981184244155884,
        1.091197520494461,
        1.0843623876571655,
        1.077610433101654,
        1.0709390938282013,
        1.0643450617790222,
        1.0578251481056213,
        1.0513752102851868,
        1.044991672039032,
        1.0386701226234436,
        1.0324063897132874,
        1.0261959433555603,
        1.0200344026088715,
        1.013917326927185,
        1.0078402757644653,
        1.0017988085746765,
        0.9957883358001709,
        0.9898046851158142,
        0.9838430881500244,
        0.9778994917869568,
        0.9719692468643188,
        0.9660483598709106,
        0.9601324498653412,
        0.9542176127433777,
        0.948299765586853,
        0.942375123500824,
        0.9364399909973145,
        0.9304908514022827,
        0.9245241582393646,
        0.9185366928577423,
        0.9125253558158875,
        0.906487226486206,
        0.9004195332527161,
        0.8943196535110474,
        0.8881850242614746,
        0.8820136785507202,
        0.8758032321929932,
        0.8695520162582397,
        0.8632583916187286,
        0.8569208085536957,
        0.8505379259586334,
        0.8441088199615479,
        0.8376326262950897,
        0.8311084508895874,
        0.8245361149311066,
        0.8179151713848114,
        0.8112458288669586,
        0.8045281171798706,
        0.7977625727653503,
        0.7909497022628784,
        0.7840903699398041,
        0.7771856188774109,
        0.7702368497848511,
        0.7632453739643097,
        0.7562129497528076,
        0.7491414248943329,
        0.7420328855514526,
        0.7348896563053131,
        0.7277141809463501,
        0.7205090522766113,
        0.7132771611213684,
        0.7060213983058929,
        0.6987449526786804,
        0.6914511322975159,
        0.6841432154178619,
        0.6768247783184052,
        0.6694994568824768,
        0.6621708273887634,
        0.6548428237438202,
        0.6475192010402679,
        0.6402037143707275,
        0.6329004168510437,
        0.6256130635738373
    ],
    "val_loss": [
        1.1039167642593384,
        1.0962670743465424,
        1.088725358247757,
        1.0812909305095673,
        1.0739613771438599,
        1.0667344331741333,
        1.0596069395542145,
        1.0525761842727661,
        1.0456387996673584,
        1.0387912392616272,
        1.0320295691490173,
        1.0253494679927826,
        1.0187467336654663,
        1.0122166275978088,
        1.0057544112205505,
        0.9993550479412079,
        0.9930133521556854,
        0.9867245554924011,
        0.9804833233356476,
        0.9742843806743622,
        0.9681231379508972,
        0.9619941413402557,
        0.9558928310871124,
        0.9498142600059509,
        0.9437538981437683,
        0.9377074539661407,
        0.9316701591014862,
        0.9256383180618286,
        0.9196078777313232,
        0.9135749936103821,
        0.9075360894203186,
        0.9014877676963806,
        0.8954269289970398,
        0.889350414276123,
        0.8832554221153259,
        0.8771393597126007,
        0.8709996044635773,
        0.8648340702056885,
        0.8586404919624329,
        0.8524172902107239,
        0.8461623191833496,
        0.8398744463920593,
        0.8335523009300232,
        0.8271946907043457,
        0.8208007514476776,
        0.8143698573112488,
        0.8079014718532562,
        0.8013952970504761,
        0.7948510944843292,
        0.7882691025733948,
        0.7816496789455414,
        0.7749930620193481,
        0.7683001160621643,
        0.7615715861320496,
        0.7548086941242218,
        0.7480125427246094,
        0.7411846816539764,
        0.7343266308307648,
        0.7274401485919952,
        0.7205272316932678,
        0.7135900259017944,
        0.7066307365894318,
        0.6996518075466156,
        0.6926558911800385,
        0.6856456398963928,
        0.6786238551139832,
        0.6715936064720154,
        0.6645577549934387,
        0.6575195789337158,
        0.6504823863506317,
        0.6434494256973267,
        0.6364239156246185,
        0.6294094324111938,
        0.6224092841148376,
        0.6154269874095917
    ],
    "score": [
        0.3125,
        0.3125,
        0.34375,
        0.34375,
        0.375,
        0.40625,
        0.40625,
        0.40625,
        0.40625,
        0.40625,
        0.40625,
        0.40625,
        0.40625,
        0.40625,
        0.46875,
        0.5,
        0.5,
        0.5,
        0.5,
        0.5,
        0.5,
        0.5,
        0.5625,
        0.59375,
        0.59375,
        0.625,
        0.65625,
        0.6875,
        0.6875,
        0.6875,
        0.6875,
        0.71875,
        0.71875,
        0.71875,
        0.71875,
        0.71875,
        0.71875,
        0.71875,
        0.71875,
        0.75,
        0.75,
        0.75,
        0.75,
        0.75,
        0.75,
        0.75,
        0.75,
        0.75,
        0.75,
        0.75,
        0.75,
        0.75,
        0.75,
        0.75,
        0.75,
        0.75,
        0.75,
        0.75,
        0.75,
        0.75,
        0.75,
        0.75,
        0.75,
        0.75,
        0.75,
        0.75,
        0.75,
        0.75,
        0.75,
        0.75,
        0.75,
        0.75,
        0.75,
        0.75,
        0.75
    ],
    "val_score": [
        0.30000001192092896,
        0.30000001192092896,
        0.30000001192092896,
        0.30000001192092896,
        0.30000001192092896,
        0.30000001192092896,
        0.4000000059604645,
        0.4000000059604645,
        0.4000000059604645,
        0.4000000059604645,
        0.4000000059604645,
        0.4000000059604645,
        0.5,
        0.5,
        0.5,
        0.5,
        0.5,
        0.6000000238418579,
        0.6000000238418579,
        0.6000000238418579,
        0.6000000238418579,
        0.6000000238418579,
        0.6000000238418579,
        0.6000000238418579,
        0.6000000238418579,
        0.6000000238418579,
        0.6000000238418579,
        0.6000000238418579,
        0.6000000238418579,
        0.699999988079071,
        0.699999988079071,
        0.699999988079071,
        0.699999988079071,
        0.699999988079071,
        0.699999988079071,
        0.699999988079071,
        0.699999988079071,
        0.699999988079071,
        0.800000011920929,
        0.800000011920929,
        0.800000011920929,
        0.800000011920929,
        0.800000011920929,
        0.800000011920929,
        0.800000011920929,
        0.800000011920929,
        0.800000011920929,
        0.800000011920929,
        0.800000011920929,
        0.800000011920929,
        0.800000011920929,
        0.800000011920929,
        0.800000011920929,
        0.800000011920929,
        0.800000011920929,
        0.800000011920929,
        0.800000011920929,
        0.800000011920929,
        0.800000011920929,
        0.800000011920929,
        0.800000011920929,
        0.800000011920929,
        0.800000011920929,
        0.800000011920929,
        0.800000011920929,
        0.800000011920929,
        0.800000011920929,
        0.800000011920929,
        0.800000011920929,
        0.800000011920929,
        0.800000011920929,
        0.800000011920929,
        0.800000011920929,
        0.800000011920929,
        0.800000011920929
    ],