{
    "RPI 0 (c) -- RPI 1 (s)": [
        16.563331100342644,
        12.869796384412894,
        13.05519601341155,
        13.877632,
        16.148030550161515,
        15.928110129164157,
        15.754146097971809,
        15.244544,
        15.730835717019517,
        15.094193115317042,
        15.870114053570386,
        16.5072,
        16.194300725246272,
        15.812269328224781,
        16.402994840123398,
        15.916400820937328,
        16.530368,
        15.940203471827962,
        15.938915176502451,
        16.043759672261924,
        15.33727816376514,
        14.85067383729378,
        15.221437694250298,
        14.676854516069213,
        15.731165765054733,
        14.839058007207372,
        14.584228182792316,
        14.87448015802665,
        15.104930982241388,
        15.40710570072617,
        15.348415768514705,
        16.171248577895568,
        15.591956195050798,
        15.047720042024903,
        14.49155635954979,
        15.16280166805317,
        15.510805889042164,
        11.920674948699633,
        14.82726900815497,
        15.626909143636846,
        15.464732176986795,
        15.719502991286271,
        16.067008,
        15.870098918632172,
        15.430829823109322,
        15.102514995780597,
        13.868015303539659,
        15.742592193450143,
        16.148115250053465,
        15.905529759980162,
        15.811511601601726,
        16.113278691014827,
        16.043824699416447,
        15.209792,
        16.13598109775937,
        15.881629921719242,
        15.32615452771794,
        15.105536,
        15.336894219153574,
        15.869811360290866
    ],
    "RPI 0 (c) -- RPI 2 (s)": [
        17.883653642055858,
        17.07464909254341,
        16.727311952407792,
        17.271949897687648,
        17.14464700819031,
        17.025756238814296,
        17.25097385140881,
        16.345086351556212,
        16.634608136001457,
        16.91262387086499,
        16.91269241990124,
        16.785232007644662,
        16.819883786371346,
        17.08636333664178,
        16.762167892367547,
        17.120911165344538,
        16.65805809656631,
        17.016827028828743,
        16.99371179353352,
        16.715680117370383,
        16.21764639905853,
        16.205985089536494,
        16.576672382506594,
        16.91265612916577,
        16.93585645387398,
        16.85474009241592,
        16.622988478019188,
        16.646223875076174,
        16.76176426156269,
        16.07886417849652,
        16.692544,
        16.25261161994613,
        16.51852013241938,
        17.005328217544765,
        17.01684731440931,
        16.17131026648979,
        17.074799716202055,
        16.90102376385543,
        16.657756256332803,
        16.65784363001232,
        16.553536,
        17.457071351639414,
        17.260279339966978,
        17.317179935239345,
        17.191414269224122,
        17.202272810731525,
        17.225408,
        17.526575285355296,
        17.283328,
        17.24867881013733,
        16.541884953823992,
        17.02849623963951,
        16.124881866342925,
        17.02848,
        16.947189973752334,
        16.70432713109697,
        14.954929737867605,
        14.885482587707294,
        15.070784,
        16.437170863792478
    ],
    "RPI 0 (c) -- RPI 3 (s)": [
        1.0192819138672395,
        0.347525551388727,
        0.31276397328792627,
        0.3475195857243708,
        0.451776538559602,
        0.417024,
        0.38227008605389423,
        0.31276919311978574,
        0.34751867432146333,
        0.34752,
        0.382272,
        0.3475203314212145,
        0.3938698041642218,
        0.3359255881828156,
        0.243263246019793,
        0.3475189228854185,
        0.3475193371594674,
        0.31276896940913257,
        0.2432652179778999,
        0.3822708151739604,
        0.31276740344352066,
        0.3475203314212145,
        0.335936,
        0.30118522073859033,
        0.26643117421215423,
        0.27801686169700673,
        0.2780148731735125,
        0.34752,
        0.2780157348635341,
        0.382272,
        0.38227236456333596,
        0.34752,
        0.34752066284306116,
        0.3475193371594674,
        0.278016,
        0.2780165302744489,
        0.3475193371594674,
        0.2780171268356219,
        0.3127670305968767,
        0.20851264627275504,
        0.3127667323202015,
        0.3127677017214759,
        0.38227391396527133,
        0.20851175143462247,
        0.10425612428298507,
        0.17376,
        0.1390073040195979,
        0.20851239770583668,
        0.19692762439036485,
        0.1621768119852666,
        0.185344,
        0.208512,
        0.18534307202613054,
        0.17376016571060726,
        0.17376070427226367,
        0.1737587571805202,
        0.17376016571060726,
        0.139008,
        0.13900829827944863,
        0.1390032608427285
    ]
}