{
    "RPI 0 (c) -- RPI 1 (s)": [
        16.378089108803035,
        16.125720002277486,
        15.753436234857022,
        15.545742825575664,
        15.962736776747915,
        15.371905695885461,
        15.90480166399829,
        15.116712736115652,
        15.604362311018876,
        15.881569338470111,
        15.846594637703522,
        16.88960891108298,
        16.982229026457205,
        16.982026583911196,
        17.375979286218538,
        16.866456808513338,
        16.55346890687289,
        16.6807929655398,
        17.804094375947123,
        17.017610087337346,
        16.993642916395842,
        15.337230626722933,
        15.962706330330859,
        16.90114062046457,
        16.68124237538544,
        15.67285306405136,
        16.252367499465464,
        15.881648854079387,
        15.719502991286271,
        15.360523164896074,
        16.321727583697733,
        16.599919492750626,
        16.321856,
        15.685237113360689,
        16.518189325272534,
        16.426065004651058,
        16.206000544753508,
        16.79688409847404,
        15.939629603646098,
        16.68096,
        16.669376,
        16.993695587097953,
        16.750412083077173,
        16.958976,
        16.391328736021546,
        15.11718127168694,
        14.68848048194019,
        16.460946416504562,
        16.298606396297856,
        16.773632,
        16.657827743820594,
        16.681007724745918,
        16.623257981145134,
        16.472184872580897,
        16.808315873948608,
        16.287410774485394,
        16.506920575485026,
        16.345024,
        16.530403470397765,
        16.205560082620202
    ],
    "RPI 0 (c) -- RPI 2 (s)": [
        17.17723727311841,
        16.321836542854616,
        16.7736679923868,
        16.55350048004143,
        16.252255129010624,
        16.8664246380699,
        16.518784,
        16.310221447422308,
        16.773663993225085,
        15.962786252423351,
        17.202186682828216,
        17.24859244953961,
        16.402717178673658,
        16.02099285499759,
        16.32226071914167,
        15.951552117785429,
        16.657577540297705,
        16.645442063549456,
        16.402795392215513,
        16.482746957653248,
        16.31190151630004,
        15.997378135618574,
        15.661568,
        16.15915989306794,
        16.24127138871015,
        16.066992677321743,
        15.765951802458115,
        16.11311734167405,
        17.20232612843721,
        17.10960063397338,
        16.704163843247077,
        16.391309196095573,
        16.61155501258357,
        16.483949468323985,
        16.07857666627439,
        16.252352,
        16.124943377944355,
        16.14759551471879,
        16.218122004716548,
        16.05538954887153,
        16.183851218011064,
        14.3748666277693,
        14.630578047193483,
        15.939599201186372,
        16.009072732558504,
        15.348814637770309,
        15.151890062460497,
        15.37193501540586,
        15.765760099547936,
        16.784715776489243,
        16.565696637198695,
        16.912523064468175,
        16.48414597367316,
        16.240202692956647,
        16.75106705860659,
        16.80868456270175,
        16.530963134600004,
        16.27579551209482,
        16.49505755259789,
        17.003880923481468
    ],
    "RPI 0 (c) -- RPI 3 (s)": [
        1.0192933345017892,
        0.312768,
        0.2085121988527287,
        0.24326347801320503,
        0.20851224856597014,
        0.17376,
        0.17376,
        0.3127682982790931,
        0.2085121988527287,
        0.31276740344352066,
        0.243264,
        0.2780165302744489,
        0.31276740344352066,
        0.34752588282053,
        0.2780115590309012,
        0.3127682982790931,
        0.3475193371594674,
        0.24326423199485014,
        0.20851155258274714,
        0.24326353601162717,
        0.3127692676900746,
        0.34751859146689057,
        0.4170252925455101,
        0.3822715442968079,
        0.3475204142766169,
        0.2780154034436629,
        0.3127686711287594,
        0.2780165302744489,
        0.24326353601162717,
        0.278016,
        0.417024,
        0.38227236456333596,
        0.31276643404409527,
        0.3127692676900746,
        0.24326423199485014,
        0.2780157348635341,
        0.3475192543045786,
        0.27801659655889727,
        0.31276762715193374,
        0.3475210771212584,
        0.3475210771212584,
        0.24326301402682343,
        0.312768,
        0.2780157348635341,
        0.17376016571060726,
        0.243264,
        0.31276732887412073,
        0.20851244741917294,
        0.2780165302744489,
        0.3127682982790931,
        0.2316601164527123,
        0.17377474948187246,
        0.28959827385977593,
        0.2780165302744489,
        0.24326428999363184,
        0.2780162651369716,
        0.2780154034436629,
        0.27801633142129356,
        0.1737597928621854,
        0.31275927558821587
    ]
}