{
    "RPI 0 (c) -- RPI 1 (s)": [
        10.250745102299254,
        9.509931174094698,
        13.542412785344682,
        13.808210303347012,
        13.611187019360523,
        13.391104,
        13.703885069043224,
        13.460569489001783,
        13.50696976250031,
        12.92775632886918,
        13.07825804750748,
        9.962249500741482,
        12.997248,
        13.912357464284012,
        11.421834892710583,
        13.831322381153834,
        13.36792325135493,
        13.18256685624913,
        12.128072097496826,
        12.696481736644662,
        13.542183534931606,
        12.68406267196447,
        13.62277100831317,
        13.402659241013248,
        12.904640610827643,
        12.80026811903047,
        12.128436433421674,
        13.611540750641542,
        13.703542014919398,
        12.255872,
        13.900773486378696,
        11.121252499553536,
        13.483059141568049,
        13.101491505444045,
        13.49556270835176,
        12.858059129588927,
        10.274936957659776,
        9.74220206804936,
        9.766005862377881,
        9.76462754782413,
        13.101269731041473,
        13.368028428403955,
        13.796682154184932,
        10.92372241767351,
        13.576448,
        12.094604327189222,
        13.84187015134184,
        10.020128943196235,
        9.626102036341859,
        9.661258701274326,
        12.047348510753144,
        13.310016,
        6.718732814965849,
        5.641397239888688,
        12.800332207348067,
        13.020403582775515,
        12.047397340203624,
        11.595570177003173,
        13.727013817798962,
        14.051013447439297
    ],
    "RPI 0 (c) -- RPI 2 (s)": [
        14.235113708350994,
        13.900813256848581,
        14.086086907457965,
        14.029234138680907,
        13.957744958783884,
        13.923758859983401,
        13.947358795734242,
        13.402662436450125,
        13.576473895068924,
        13.784973146374842,
        13.6806779061777,
        14.075432519601605,
        13.494510621699304,
        12.706554358212635,
        14.156623433390678,
        13.716087142811432,
        13.506390130012903,
        13.87892250726362,
        13.968742038822123,
        13.959931503760187,
        13.714703936748158,
        13.20577259400615,
        13.680717046948478,
        13.80734122952417,
        13.982658090584497,
        13.576473895068924,
        13.495334259692651,
        11.537697009615925,
        12.51020698148708,
        13.820226019789478,
        13.541721828784617,
        13.58792185315728,
        13.75027684475082,
        13.531221776566301,
        13.65644525665832,
        14.05140540046444,
        13.576503027139536,
        14.201868876360464,
        13.79661307674661,
        13.588874358430195,
        14.131647795895198,
        13.889103411709785,
        13.726902544558794,
        13.495575578928896,
        13.877605530568065,
        13.819725179516963,
        14.13248,
        13.379000062243904,
        13.773898148562818,
        14.016696811295937,
        13.993401937972857,
        14.005025948474517,
        13.958776576538517,
        14.062976,
        14.248292823538163,
        13.646020322760291,
        14.004955828749928,
        14.201601390404434,
        14.086594039768535,
        13.958330632733338
    ],
    "RPI 0 (c) -- RPI 3 (s)": [
        2.2586586739552033,
        2.154624,
        5.67616,
        1.3437452814953628,
        3.278268873599173,
        1.0657269836435475,
        2.4789736358665126,
        3.7532831139320244,
        1.459566600610249,
        4.598848,
        1.5985089170990163,
        2.351664696791662,
        1.39008,
        2.53688874190309,
        1.818689734437689,
        2.675909103891571,
        0.9730580879561403,
        3.4751925430457864,
        2.2241301210957727,
        1.5522515589726666,
        1.5754333903147597,
        3.255097791393678,
        3.30144,
        1.9229320799689105,
        1.66792778771634,
        2.8152046419315058,
        3.417293850687852,
        1.807104,
        3.0813719169399367,
        2.2820202521226745,
        1.459584,
        2.5137256027244543,
        1.3784795672430128,
        2.3052434806437567,
        5.7572534905447865,
        3.556288,
        2.444224,
        1.7955148629907713,
        0.9846428170856965,
        2.72224,
        2.1314519345780667,
        1.633345557679708,
        1.8881789448687074,
        1.7492277900824449,
        1.3089695300488082,
        1.9924441997142797,
        2.015650120359074,
        2.1662126481880746,
        2.1777546163643886,
        3.0002681604344192,
        1.587025405311738,
        1.5638150195488192,
        1.0425609942636436,
        1.9924460998553277,
        2.2125529677334907,
        3.058166521391683,
        4.934784,
        4.216517692822889,
        2.247334042239427,
        1.8302113464619736
    ]
}