{
    "RPI 0 (c) -- RPI 1 (s)": [
        16.308428977811936,
        16.28713894840873,
        14.386967837354916,
        14.688613559112838,
        16.183156669217478,
        14.95500461436616,
        13.993428628186187,
        15.360384,
        15.823759090712633,
        16.2176,
        16.553504426695962,
        15.928015190138998,
        16.599856169143514,
        16.414954585686168,
        14.827120538105772,
        14.94336,
        16.669439588865618,
        16.31092532304341,
        16.541190860646225,
        16.495155868059978,
        16.079090362004056,
        16.727296,
        15.962736776747915,
        16.043870601254657,
        16.194513082528765,
        17.20208415073449,
        16.59992345049211,
        16.56427486459231,
        15.280290567710157,
        13.912188301474144,
        16.912894037934397,
        16.414214923696065,
        16.634941286325194,
        16.97027273198987,
        17.42205354559491,
        17.09824082191176,
        17.190656,
        16.53035223542763,
        16.055458451276316,
        15.707948940802405,
        14.967395146735347,
        15.984978654373256,
        15.823744,
        15.453041262831437,
        16.819951959243813,
        15.708922721337366,
        15.011740169583023,
        14.931907721636225,
        15.63841864244776,
        16.44928,
        16.935824151260523,
        15.962752,
        16.02075221254455,
        15.372382151950639,
        15.707402178507824,
        15.858496,
        15.545713174452615,
        15.545757651179603,
        15.592049130263204,
        16.25181341193765
    ],
    "RPI 0 (c) -- RPI 2 (s)": [
        17.292990695854122,
        16.93577569757138,
        16.912607741760745,
        17.375440745234343,
        16.92480103174294,
        17.0864,
        16.657776113906753,
        17.039738992771287,
        17.14464700819031,
        17.1558344654155,
        17.329717712446755,
        17.02845970049417,
        17.26016,
        16.704128,
        17.272901208738244,
        17.050526015236805,
        17.097963617639042,
        16.982180439805973,
        17.08738997015065,
        17.25916007822537,
        17.213807583633823,
        16.692575838561705,
        16.727280047622635,
        16.298769604519293,
        17.167402046420342,
        16.69250818176326,
        16.97034151358563,
        17.01524490254132,
        16.717585317980635,
        17.538104916029077,
        16.666959982546476,
        16.857264080773145,
        16.946680888970267,
        17.295588268691077,
        16.61228378151282,
        16.50634207873984,
        13.715305580751249,
        16.762283789953138,
        16.924171544519883,
        16.982196635325494,
        17.167504372207997,
        16.924171544519883,
        16.86637236136106,
        16.565072606947115,
        16.88945186620442,
        17.074836354791113,
        17.167467534783917,
        17.121152,
        16.48408309145169,
        17.016863542908588,
        17.375946144270927,
        17.237871503369742,
        17.212999116342928,
        17.630826982416412,
        17.561469609418936,
        17.178949126580765,
        17.35279890216274,
        17.20225640535012,
        17.155957173886122,
        17.73561564853417
    ],
    "RPI 0 (c) -- RPI 3 (s)": [
        1.3899676573953967,
        1.1004655695709404,
        0.9846350701388185,
        0.9035573856217004,
        0.9962230499276639,
        0.8919662987092997,
        0.938304,
        0.6023672819222428,
        0.6718747231860862,
        0.92672,
        0.324352,
        0.6023655585426104,
        1.112069567898971,
        1.1352309173594308,
        1.0887903477460068,
        1.5060873309078702,
        1.9229114494950976,
        1.957696,
        1.946112,
        2.282045279590035,
        1.2858227737438452,
        1.7835813507312512,
        2.328844849100293,
        1.61018252625631,
        1.9924437246795839,
        1.6217619332908788,
        2.3168,
        1.633344,
        2.085117514346225,
        1.7260127078920213,
        1.957702067783089,
        2.027195650110042,
        1.6912656129165773,
        1.5987170217397526,
        1.5984669978124422,
        1.5870049730282345,
        1.8882032545684253,
        1.8186697886039922,
        1.7607751366256053,
        1.4132523802931174,
        2.386304,
        2.038784,
        2.4325448859211707,
        1.0773541252433156,
        1.4016623290882955,
        0.5444486490333664,
        0.891968850647784,
        1.0657257132007076,
        1.0425612428298507,
        0.868798964310927,
        0.729792,
        1.0193932152114096,
        0.9730548400282383,
        0.5328661597682752,
        1.3437347092317182,
        1.3437452814953628,
        1.598592,
        2.258891309794785,
        2.027187917018431,
        1.8649715320241977
    ]
}