{
    "RPI 0 (c) -- RPI 1 (s)": [
        18.16151666819983,
        17.34114463872338,
        17.2486088991106,
        16.889455892959695,
        16.588023022177104,
        16.889741797492132,
        16.090191344802232,
        17.155871277772373,
        17.155904,
        16.899786794706266,
        16.61090947177813,
        17.32000017557183,
        17.525242395084952,
        16.948648711423218,
        16.69252410096061,
        16.88952434809316,
        15.800511958694626,
        16.067023322707485,
        16.623091522300193,
        17.364502940422476,
        16.576605195733574,
        16.762048,
        17.1339860285446,
        17.432681430009332,
        17.399221927871004,
        17.58505703856063,
        17.653308908693155,
        16.22877772957668,
        17.028959082386905,
        17.294994468960137,
        17.514974592837156,
        16.020641443051446,
        17.237024877015834,
        16.0447542628357,
        17.13182923070306,
        17.59560097605439,
        17.862958144971046,
        17.73505325960562,
        17.549793473574585,
        17.758216959444887,
        17.444651378556106,
        17.921362376151205,
        17.79304096876618,
        17.37721805718155,
        17.328449361263225,
        16.206000544753508,
        17.14433635011325,
        17.433886747499947,
        17.005360652727084,
        17.457995383678828,
        17.444547406032708,
        16.762063985549915,
        17.21391018643616,
        17.329664,
        17.41069803655947,
        17.2253587178534,
        17.561323065271537,
        17.665637906346596,
        17.271727528397058,
        17.410245587026207
    ],
    "RPI 0 (c) -- RPI 2 (s)": [
        18.567182091278404,
        17.190639605728524,
        17.01687977143882,
        17.63086481410295,
        17.607696792008202,
        17.39909747944232,
        17.515062286911423,
        17.202186682828216,
        17.54981439462355,
        17.36443256001335,
        16.715142116338104,
        17.133250695546064,
        17.653203691614035,
        17.28413980943071,
        17.584549732350254,
        17.70028025871363,
        17.145501375955977,
        17.559974973859678,
        17.26038633582317,
        17.26016,
        17.283328,
        17.585337956243844,
        17.45623065072011,
        17.51502887954149,
        17.352811313836916,
        17.21386093693839,
        17.410316151001965,
        17.55014495381731,
        17.237061863808556,
        17.491785785232732,
        16.576704,
        17.561364934778375,
        16.91265612916577,
        16.426158995617854,
        17.097935082415347,
        17.07435599466243,
        17.237386532467628,
        17.07514168248143,
        17.503177788116098,
        17.37598342897088,
        17.04004774934411,
        16.762048,
        16.773360062514246,
        16.56536881797684,
        17.24852665156941,
        16.73897977209432,
        17.06317911367405,
        17.098053300390745,
        17.12048665973722,
        17.156501202581303,
        17.23659748559222,
        17.283744197339043,
        17.850944,
        17.37565201502579,
        16.85480438846878,
        17.179276792938147,
        17.225510672044468,
        17.631890535031484,
        17.260485102406285,
        17.756337317594017
    ],
    "RPI 0 (c) -- RPI 3 (s)": [
        3.185312932517888,
        1.5985855207476967,
        2.6990694259668104,
        2.027208216509743,
        2.2472890346590395,
        2.177787846199329,
        2.5253222354235656,
        2.5021362447750137,
        2.606405592739662,
        1.6217549734652865,
        2.2357098678609204,
        1.8766156061404478,
        2.478973044833845,
        2.038784,
        2.49055287447107,
        2.3052203968589726,
        2.849666717653959,
        1.9345261550920916,
        2.8149093154932827,
        1.9808658891009228,
        2.455808,
        2.108288,
        2.2936298126241565,
        1.3784973146374844,
        2.3399657684347455,
        2.1546306781518023,
        2.3631309292711347,
        2.49056,
        2.525317418743317,
        2.386301155307346,
        1.8997687529573328,
        2.594823423849365,
        2.20096682176797,
        2.4905499055127156,
        2.2241301210957727,
        2.66432,
        2.3515475147790625,
        2.7222451922706457,
        2.1082859893818005,
        2.6990694259668104,
        2.05038217662695,
        2.5600615585350432,
        2.0156179222430444,
        2.4558056579612177,
        2.096702000429153,
        2.409474297853754,
        1.8070949522547728,
        2.4558126840909655,
        2.212462238723993,
        2.930854719222004,
        2.096704,
        2.305216,
        1.9113618228166798,
        2.72224,
        2.525312,
        2.6643174591088687,
        2.1314580327167825,
        2.270464,
        1.77235030975503,
        2.6526620040630164
    ]
}